"ST_CASE","PERSONS","FATALS","ROUTE","MAN_COLL","LGT_COND","WEATHERlight","BODY_TYP","AGE","INJ_SEV","DRINKING","TRAV_SP","L_TYPE","VSPD_LIM","fata_rate"
10014,5,1,"LOCAL","front","dark","light","small",25,"dead","Yes",60,"Licensed",60,20.00
10015,3,1,"highway","front","light","light","small",38,"dead","Yes",40,"Licensed",40,33.33
10029,2,1,"LOCAL","front","light","light","small",46,"dead","NO",65,"Licensed",55,50.00
10042,3,1,"LOCAL","front","dark","light","small",27,"injured","Yes",30,"Licensed",55,33.33
10050,2,1,"LOCAL","front","dark","light","small",31,"dead","NO",85,"Licensed",70,50.00
10064,3,1,"highway","side","dark","light","LORRY",41,"injured","Yes",35,"Licensed",35,33.33
10082,7,2,"LOCAL","front","dark","light","small",19,"dead","Yes",70,"Licensed",55,28.57
10112,3,1,"LOCAL","front","dark","light","small",22,"injured","Yes",50,"Licensed",45,33.33
10119,2,1,"highway","front","light","light","LORRY",23,"injured","NO",1,"Licensed",35,50.00
10143,2,1,"highway","front","dark","light","small",27,"injured","NO",10,"Licensed",45,50.00
10150,2,1,"LOCAL","front","light","light","LORRY",29,"dead","NO",65,"Licensed",55,50.00
10151,2,1,"LOCAL","front","light","light","small",21,"injured","NO",55,"Licensed",55,50.00
10152,2,1,"LOCAL","front","light","light","small",72,"dead","NO",40,"Licensed",55,50.00
10155,3,1,"LOCAL","front","light","light","small",21,"injured","NO",50,"Licensed",55,33.33
10159,5,4,"LOCAL","front","light","light","small",25,"injured","NO",60,"Licensed",55,80.00
10171,2,1,"LOCAL","front","dark","mod","small",24,"injured","NO",50,"Licensed",70,50.00
10185,2,1,"LOCAL","front","light","mod","small",18,"dead","NO",55,"Licensed",55,50.00
10188,4,1,"LOCAL","front","dark","light","small",39,"injured","Yes",46,"Licensed",45,25.00
10190,4,2,"LOCAL","front","light","light","small",70,"injured","NO",48,"Licensed",55,50.00
10203,6,1,"highway","front","light","light","small",64,"injured","Yes",15,"Licensed",45,16.67
10206,2,1,"highway","front","light","light","small",26,"injured","NO",55,"Licensed",55,50.00
10210,3,1,"highway","front","dark","light","small",25,"dead","NO",50,"Licensed",40,33.33
10211,4,1,"highway","front","light","light","small",82,"dead","NO",5,"Licensed",40,25.00
10212,3,1,"LOCAL","front","dark","light","small",63,"dead","NO",50,"Licensed",55,33.33
10224,2,1,"highway","side","dark","light","LORRY",66,"dead","NO",35,"Licensed",35,50.00
10225,4,1,"LOCAL","front","dark","light","small",52,"injured","NO",55,"Licensed",55,25.00
10227,6,1,"LOCAL","front","dark","light","small",18,"injured","NO",90,"Licensed",70,16.67
10243,2,1,"LOCAL","front","dark","light","small",21,"dead","Yes",65,"Licensed",55,50.00
10253,2,1,"LOCAL","front","light","light","small",22,"injured","NO",55,"Licensed",55,50.00
10269,3,1,"LOCAL","front","light","light","small",49,"injured","NO",50,"Licensed",65,33.33
10291,2,1,"highway","front","light","light","small",69,"dead","NO",55,"Licensed",55,50.00
10307,4,1,"LOCAL","side","light","light","small",31,"injured","NO",70,"Licensed",70,25.00
10323,5,4,"LOCAL","front","light","light","small",21,"dead","NO",55,"Licensed",55,80.00
10340,4,1,"LOCAL","front","light","light","small",33,"injured","NO",53,"Licensed",55,25.00
10359,3,1,"LOCAL","front","light","light","small",22,"injured","NO",70,"Licensed",65,33.33
10374,3,1,"highway","side","light","light","small",31,"dead","NO",50,"Licensed",30,33.33
10389,3,1,"highway","front","dark","light","small",18,"dead","NO",65,"Licensed",45,33.33
10397,6,1,"LOCAL","front","light","light","small",43,"injured","NO",60,"Licensed",55,16.67
10400,2,2,"LOCAL","front","light","light","small",21,"dead","NO",55,"Licensed",55,100.00
10445,6,1,"highway","front","light","light","LORRY",22,"dead","Yes",45,"Licensed",45,16.67
10452,3,1,"highway","front","light","light","small",45,"injured","NO",55,"Licensed",45,33.33
10468,6,1,"LOCAL","front","dark","light","small",19,"injured","Yes",91,"No Lic",70,16.67
10485,3,1,"LOCAL","front","light","light","small",52,"injured","NO",55,"Licensed",55,33.33
10490,2,1,"LOCAL","front","light","mod","LORRY",40,"dead","Yes",55,"Licensed",55,50.00
10519,2,1,"LOCAL","front","dark","light","small",36,"injured","Yes",80,"Licensed",70,50.00
10540,4,1,"highway","front","light","light","small",44,"dead","NO",60,"Licensed",50,25.00
10565,2,1,"LOCAL","front","light","light","small",48,"dead","NO",55,"Licensed",55,50.00
10570,9,1,"LOCAL","front","light","light","small",20,"injured","NO",55,"No Lic",55,11.11
10572,9,2,"LOCAL","side","light","light","small",49,"injured","Yes",65,"Licensed",65,22.22
10580,2,1,"LOCAL","front","dark","light","small",20,"injured","NO",55,"Licensed",55,50.00
10586,3,1,"highway","front","light","mod","small",46,"dead","NO",55,"Licensed",55,33.33
10600,4,1,"LOCAL","front","light","light","small",21,"dead","NO",70,"Licensed",70,25.00
10601,3,1,"LOCAL","front","light","light","small",28,"injured","NO",70,"Licensed",55,33.33
10636,4,1,"highway","front","dark","light","small",19,"injured","NO",50,"Licensed",45,25.00
10653,4,1,"LOCAL","front","dark","light","small",20,"dead","NO",55,"Licensed",55,25.00
10665,4,1,"LOCAL","front","light","light","small",21,"injured","NO",60,"Licensed",55,25.00
10690,3,1,"LOCAL","front","light","light","small",18,"injured","NO",90,"Licensed",70,33.33
10693,5,1,"LOCAL","front","dark","light","small",17,"injured","NO",80,"Licensed",70,20.00
10697,2,1,"LOCAL","front","dark","light","LORRY",33,"dead","NO",75,"Licensed",70,50.00
10707,10,1,"LOCAL","front","light","light","small",79,"injured","NO",15,"Licensed",45,10.00
10711,4,1,"LOCAL","front","dark","light","small",44,"dead","NO",70,"Licensed",55,25.00
10739,4,1,"LOCAL","front","light","light","LORRY",31,"dead","NO",50,"Licensed",50,25.00
10787,3,1,"LOCAL","side","dark","light","small",33,"injured","NO",100,"Licensed",70,33.33
10801,3,1,"highway","front","light","light","small",83,"injured","NO",35,"Licensed",45,33.33
10815,2,1,"LOCAL","side","dark","light","small",32,"dead","NO",65,"Licensed",55,50.00
10830,2,1,"LOCAL","front","light","light","small",77,"injured","NO",60,"Licensed",55,50.00
10831,4,1,"LOCAL","front","light","light","small",20,"dead","NO",75,"Licensed",55,25.00
10833,5,2,"LOCAL","front","dark","light","small",59,"injured","Yes",85,"Licensed",65,40.00
10844,3,1,"LOCAL","front","light","light","small",52,"injured","NO",80,"Licensed",70,33.33
10845,5,1,"LOCAL","front","dark","mod","LORRY",58,"dead","NO",55,"Licensed",70,20.00
10846,3,1,"LOCAL","front","light","light","small",19,"injured","NO",55,"Licensed",45,33.33
10850,2,2,"LOCAL","front","light","light","small",54,"dead","Yes",55,"Licensed",55,100.00
10872,2,1,"highway","front","light","light","LORRY",19,"dead","NO",40,"Licensed",40,50.00
10873,3,1,"LOCAL","side","light","light","small",32,"dead","Yes",65,"No Lic",55,33.33
10876,2,1,"LOCAL","front","dark","light","small",78,"dead","NO",70,"Licensed",55,50.00
10888,2,1,"LOCAL","front","light","light","small",49,"injured","NO",10,"Licensed",45,50.00
10915,2,1,"LOCAL","front","dark","light","small",45,"injured","NO",65,"Licensed",55,50.00
10924,10,1,"LOCAL","front","light","light","LORRY",35,"dead","NO",70,"Licensed",50,10.00
10928,7,1,"LOCAL","side","dark","light","small",29,"injured","NO",85,"Licensed",70,14.29
10933,2,1,"LOCAL","front","light","light","LORRY",48,"dead","NO",65,"Licensed",55,50.00
10936,2,1,"LOCAL","front","dark","light","small",33,"dead","NO",50,"Licensed",55,50.00
40013,4,1,"highway","front","dark","light","small",30,"injured","Yes",90,"Licensed",40,25.00
40033,3,1,"highway","side","light","light","small",20,"injured","NO",5,"Licensed",40,33.33
40038,2,1,"highway","front","light","light","small",38,"injured","NO",60,"Licensed",50,50.00
40051,3,1,"highway","front","dark","light","LORRY",36,"injured","Yes",60,"Licensed",25,33.33
40055,3,1,"highway","front","light","light","small",80,"injured","NO",10,"Licensed",40,33.33
40098,3,1,"LOCAL","front","light","light","small",59,"injured","NO",60,"Licensed",50,33.33
40107,5,1,"highway","front","light","mod","small",999,"injured","NO",50,"No Lic",50,20.00
40139,2,1,"LOCAL","front","dark","light","small",24,"injured","Yes",70,"Licensed",45,50.00
40168,2,1,"LOCAL","front","light","light","small",46,"injured","NO",65,"Licensed",55,50.00
40176,2,1,"highway","front","light","light","LORRY",71,"dead","NO",45,"Licensed",45,50.00
40184,2,1,"LOCAL","front","light","light","small",31,"injured","NO",50,"Licensed",55,50.00
40230,5,1,"LOCAL","front","dark","light","small",33,"injured","Yes",100,"Licensed",65,20.00
40268,5,1,"highway","front","light","light","small",36,"injured","NO",114,"Licensed",30,20.00
40335,4,2,"highway","side","light","light","small",57,"dead","NO",72,"Licensed",35,50.00
40408,8,2,"LOCAL","front","light","light","small",22,"injured","NO",70,"Licensed",40,25.00
40420,2,1,"highway","front","light","light","small",25,"injured","NO",53,"Licensed",55,50.00
40485,3,1,"highway","front","light","light","small",26,"injured","NO",71,"Licensed",45,33.33
40542,12,1,"LOCAL","side","dark","light","small",36,"injured","NO",60,"Licensed",65,8.33
40578,5,2,"LOCAL","side","light","light","LORRY",54,"dead","Yes",60,"Licensed",45,40.00
40589,3,1,"highway","front","light","mod","small",46,"injured","NO",20,"Licensed",35,33.33
40613,2,1,"highway","front","light","light","small",21,"injured","NO",37,"Licensed",45,50.00
40649,2,1,"highway","front","dark","light","small",30,"injured","NO",63,"Licensed",40,50.00
40660,4,1,"highway","front","light","light","small",79,"injured","NO",35,"Licensed",45,25.00
40682,4,1,"highway","front","dark","light","small",43,"injured","Yes",40,"Licensed",40,25.00
40697,3,1,"highway","front","light","light","LORRY",24,"injured","NO",23,"Licensed",45,33.33
40699,3,1,"highway","front","dark","light","small",25,"injured","Yes",40,"Licensed",35,33.33
40716,4,1,"LOCAL","front","light","light","small",33,"dead","NO",65,"Licensed",65,25.00
40731,3,1,"highway","front","light","light","small",50,"injured","NO",30,"Licensed",45,33.33
40732,4,1,"LOCAL","side","dark","light","small",25,"injured","NO",80,"Licensed",55,25.00
40744,8,3,"LOCAL","front","light","light","LORRY",33,"injured","Yes",55,"Licensed",65,37.50
40745,6,1,"highway","front","light","light","small",28,"injured","NO",35,"Licensed",40,16.67
40846,3,1,"highway","front","light","light","small",81,"dead","NO",45,"Licensed",45,33.33
40878,5,1,"highway","front","light","light","small",66,"dead","NO",10,"Licensed",40,20.00
50152,5,2,"LOCAL","side","light","light","small",62,"injured","NO",35,"Licensed",40,40.00
50192,4,1,"LOCAL","front","light","light","small",31,"injured","NO",66,"Licensed",55,25.00
80004,3,1,"LOCAL","side","light","light","small",43,"dead","NO",63,"Licensed",60,33.33
80101,2,2,"highway","front","dark","light","small",27,"dead","Yes",60,"Licensed",35,100.00
80124,2,1,"LOCAL","front","light","sever","small",55,"dead","NO",64,"Licensed",65,50.00
80133,2,1,"highway","front","light","light","small",31,"dead","NO",40,"Licensed",65,50.00
80178,6,1,"LOCAL","side","light","light","LORRY",72,"dead","NO",45,"No Lic",40,16.67
80196,4,1,"highway","front","dark","light","LORRY",30,"dead","NO",45,"Licensed",40,25.00
80239,3,1,"LOCAL","front","light","light","LORRY",53,"injured","NO",64,"Licensed",60,33.33
80253,2,1,"LOCAL","front","dark","light","small",25,"dead","Yes",65,"Licensed",65,50.00
80365,3,1,"LOCAL","front","light","light","small",72,"injured","NO",60,"Licensed",65,33.33
80461,4,1,"highway","front","light","light","small",24,"injured","NO",55,"Licensed",35,25.00
80508,3,1,"LOCAL","front","light","light","small",56,"dead","NO",50,"Licensed",65,33.33
80517,5,1,"LOCAL","front","dark","sever","small",30,"injured","NO",45,"Licensed",65,20.00
80548,3,1,"highway","side","dark","light","small",22,"injured","NO",60,"Licensed",45,33.33
90204,6,1,"LOCAL","side","light","light","small",24,"injured","NO",60,"Licensed",55,16.67
90214,7,1,"LOCAL","side","light","light","small",57,"injured","Yes",35,"Licensed",35,14.29
90273,5,1,"LOCAL","front","light","light","small",27,"injured","Yes",60,"Licensed",35,20.00
100012,2,1,"highway","front","dark","light","small",42,"injured","NO",53,"Licensed",50,50.00
100047,3,1,"LOCAL","front","light","light","small",61,"injured","NO",61,"Licensed",50,33.33
100094,2,1,"LOCAL","front","light","light","small",77,"dead","NO",39,"Licensed",65,50.00
100101,2,1,"LOCAL","front","light","light","small",60,"dead","NO",55,"Licensed",55,50.00
100108,2,1,"LOCAL","front","dark","light","small",53,"injured","Yes",70,"Licensed",55,50.00
110005,2,1,"highway","front","dark","light","LORRY",31,"dead","Yes",89,"No Lic",30,50.00
110023,6,1,"highway","front","light","light","small",31,"injured","NO",98,"Licensed",25,16.67
120001,2,1,"LOCAL","front","light","light","small",70,"dead","NO",45,"Licensed",45,50.00
120006,2,1,"LOCAL","front","light","mod","small",22,"dead","NO",60,"Licensed",60,50.00
120029,2,1,"LOCAL","front","dark","light","LORRY",25,"dead","Yes",30,"Licensed",35,50.00
120030,3,1,"LOCAL","front","light","light","small",63,"injured","NO",20,"Licensed",55,33.33
120032,2,1,"LOCAL","front","dark","light","small",29,"dead","Yes",60,"Licensed",60,50.00
120033,3,1,"highway","side","dark","mod","small",84,"dead","NO",55,"Licensed",55,33.33
120035,5,1,"highway","front","light","light","small",19,"injured","NO",55,"Licensed",55,20.00
120041,2,1,"LOCAL","front","light","mod","small",49,"dead","Yes",25,"Licensed",55,50.00
120042,3,1,"LOCAL","front","light","light","LORRY",54,"injured","NO",60,"Licensed",70,33.33
120045,2,1,"LOCAL","front","light","light","LORRY",34,"dead","Yes",70,"Licensed",55,50.00
120046,2,1,"LOCAL","front","dark","light","small",28,"dead","Yes",55,"No Lic",55,50.00
120049,2,1,"LOCAL","front","dark","light","small",28,"injured","Yes",65,"Licensed",65,50.00
120051,2,1,"highway","front","light","light","small",49,"dead","NO",50,"Licensed",50,50.00
120071,6,1,"LOCAL","front","light","light","small",73,"injured","NO",70,"Licensed",70,16.67
120075,3,1,"highway","rear","dark","mod","small",46,"dead","NO",40,"Licensed",45,33.33
120081,15,1,"LOCAL","front","light","light","small",30,"injured","NO",40,"Licensed",45,6.67
120089,4,1,"LOCAL","front","dark","mod","small",23,"dead","Yes",50,"No Lic",70,25.00
120096,2,1,"LOCAL","front","light","light","small",25,"injured","NO",39,"Licensed",45,50.00
120103,8,1,"highway","front","light","light","small",44,"dead","NO",55,"Licensed",45,12.50
120106,3,1,"highway","front","light","light","small",29,"dead","NO",55,"Licensed",55,33.33
120120,2,1,"LOCAL","front","dark","light","LORRY",32,"dead","NO",55,"Licensed",55,50.00
120126,2,1,"LOCAL","front","dark","light","small",29,"injured","NO",70,"Licensed",70,50.00
120129,2,1,"LOCAL","front","dark","light","small",56,"injured","Yes",55,"Licensed",55,50.00
120130,7,1,"highway","front","light","light","small",23,"injured","NO",70,"Licensed",55,14.29
120132,4,1,"highway","front","light","light","small",84,"dead","NO",35,"Licensed",0,25.00
120137,3,1,"LOCAL","front","light","light","small",75,"dead","NO",40,"Licensed",40,33.33
120142,4,1,"highway","front","dark","light","small",30,"injured","NO",40,"Licensed",40,25.00
120144,2,2,"LOCAL","front","dark","light","small",47,"dead","NO",45,"Licensed",50,100.00
120149,2,1,"LOCAL","front","dark","light","small",78,"dead","NO",65,"Licensed",65,50.00
120156,4,1,"LOCAL","front","light","light","small",50,"injured","NO",40,"Licensed",45,25.00
120168,3,1,"highway","front","dark","light","small",60,"injured","NO",45,"Licensed",45,33.33
120175,2,1,"LOCAL","front","dark","light","small",29,"injured","Yes",90,"Licensed",70,50.00
120179,3,2,"LOCAL","front","dark","light","small",36,"dead","Yes",60,"Licensed",60,66.67
120188,2,1,"LOCAL","front","light","light","small",22,"injured","NO",45,"Licensed",45,50.00
120189,6,1,"LOCAL","front","light","light","small",48,"injured","NO",70,"Licensed",70,16.67
120193,4,1,"LOCAL","front","dark","light","small",30,"injured","Yes",89,"No Lic",45,25.00
120212,3,1,"LOCAL","front","light","light","small",66,"dead","NO",15,"Licensed",60,33.33
120216,5,1,"LOCAL","front","light","light","small",64,"dead","NO",15,"Licensed",45,20.00
120224,5,3,"LOCAL","side","dark","light","LORRY",53,"injured","NO",70,"Licensed",70,60.00
120226,2,1,"LOCAL","front","light","light","LORRY",37,"dead","NO",25,"Licensed",70,50.00
120227,3,2,"LOCAL","front","light","light","small",32,"injured","NO",60,"Licensed",60,66.67
120231,3,1,"highway","front","dark","light","small",40,"injured","Yes",100,"Licensed",40,33.33
120233,4,1,"LOCAL","front","dark","light","small",80,"injured","NO",10,"Licensed",40,25.00
120241,2,1,"LOCAL","front","dark","light","LORRY",27,"dead","Yes",100,"Licensed",60,50.00
120242,3,1,"LOCAL","front","light","light","small",24,"injured","NO",20,"Licensed",55,33.33
120248,2,2,"LOCAL","front","dark","light","small",32,"dead","Yes",65,"Licensed",60,100.00
120251,3,1,"LOCAL","front","dark","light","LORRY",37,"dead","Yes",67,"Licensed",50,33.33
120253,6,1,"LOCAL","front","dark","light","small",28,"injured","Yes",65,"Licensed",65,16.67
120260,3,1,"highway","side","dark","light","LORRY",32,"dead","NO",30,"Licensed",30,33.33
120264,2,1,"LOCAL","front","dark","light","LORRY",34,"dead","Yes",70,"Licensed",45,50.00
120267,3,1,"LOCAL","front","dark","mod","LORRY",24,"dead","NO",40,"Licensed",40,33.33
120268,4,1,"highway","front","light","light","small",62,"injured","NO",45,"Licensed",55,25.00
120278,5,1,"LOCAL","front","light","mod","small",38,"dead","NO",50,"Licensed",35,20.00
120292,2,1,"highway","front","dark","light","small",40,"injured","Yes",50,"Licensed",35,50.00
120300,11,1,"LOCAL","side","light","light","small",23,"injured","NO",50,"Licensed",45,9.09
120304,4,2,"LOCAL","front","dark","light","small",31,"dead","Yes",54,"Licensed",65,50.00
120308,2,1,"highway","front","dark","light","small",66,"dead","Yes",45,"Licensed",45,50.00
120317,3,1,"highway","front","dark","light","small",70,"injured","NO",20,"Licensed",40,33.33
120355,7,1,"highway","front","light","light","small",42,"injured","Yes",70,"No Lic",30,14.29
120358,3,1,"LOCAL","front","light","light","LORRY",22,"dead","NO",90,"Licensed",70,33.33
120360,2,1,"LOCAL","front","dark","light","LORRY",68,"dead","Yes",55,"Licensed",45,50.00
120362,2,2,"LOCAL","front","dark","light","small",44,"dead","Yes",55,"No Lic",55,100.00
120366,3,1,"LOCAL","front","dark","light","small",21,"injured","Yes",45,"Licensed",45,33.33
120370,3,1,"LOCAL","side","light","light","LORRY",66,"injured","NO",70,"Licensed",70,33.33
120371,2,1,"LOCAL","side","dark","light","small",58,"dead","NO",70,"Licensed",70,50.00
120374,2,1,"LOCAL","front","light","light","small",55,"dead","NO",35,"Licensed",65,50.00
120393,2,1,"LOCAL","front","dark","light","small",25,"dead","Yes",60,"Licensed",50,50.00
120422,6,1,"highway","front","light","light","small",88,"dead","NO",15,"Licensed",45,16.67
120441,2,1,"LOCAL","front","light","light","small",36,"injured","Yes",10,"Licensed",45,50.00
120470,3,1,"LOCAL","front","dark","light","small",45,"injured","Yes",15,"No Lic",60,33.33
120487,4,1,"LOCAL","front","light","light","small",44,"injured","NO",65,"Licensed",65,25.00
120522,2,1,"LOCAL","front","dark","light","LORRY",56,"dead","NO",60,"Licensed",70,50.00
120533,2,1,"LOCAL","front","light","light","small",30,"dead","Yes",45,"Licensed",45,50.00
120538,3,1,"LOCAL","front","light","light","small",68,"dead","NO",55,"Licensed",45,33.33
120568,2,1,"highway","side","light","light","LORRY",62,"dead","NO",30,"Licensed",30,50.00
120573,3,1,"LOCAL","front","light","light","small",80,"dead","NO",35,"Licensed",45,33.33
120629,3,2,"LOCAL","front","light","light","small",81,"dead","NO",65,"Licensed",65,66.67
120632,3,1,"highway","front","dark","light","small",16,"injured","NO",35,"Licensed",55,33.33
120634,2,1,"LOCAL","front","dark","light","small",39,"injured","Yes",55,"Licensed",55,50.00
120637,2,1,"LOCAL","front","light","light","small",48,"dead","Yes",45,"Licensed",60,50.00
120644,2,1,"LOCAL","side","light","light","small",35,"injured","NO",15,"Licensed",45,50.00
120651,5,1,"highway","front","dark","light","small",28,"dead","Yes",45,"Licensed",45,20.00
120661,3,1,"highway","front","dark","light","small",89,"dead","NO",10,"Licensed",55,33.33
120662,2,1,"LOCAL","front","light","mod","small",21,"dead","NO",65,"Licensed",70,50.00
120666,2,1,"LOCAL","front","dark","light","small",20,"dead","NO",30,"Licensed",60,50.00
120667,3,1,"LOCAL","front","light","light","small",69,"injured","NO",10,"Licensed",70,33.33
120670,3,2,"LOCAL","side","light","light","small",34,"dead","Yes",80,"Licensed",65,66.67
120672,8,2,"LOCAL","front","dark","light","small",51,"injured","Yes",70,"Licensed",50,25.00
120675,5,1,"LOCAL","front","light","light","small",74,"injured","NO",40,"Licensed",55,20.00
120678,3,1,"LOCAL","front","dark","light","small",33,"injured","Yes",65,"Licensed",65,33.33
120679,3,1,"LOCAL","front","light","light","small",46,"dead","NO",55,"Licensed",55,33.33
120681,3,1,"LOCAL","front","dark","light","small",27,"dead","Yes",90,"Licensed",40,33.33
120692,2,1,"highway","front","dark","light","small",35,"dead","Yes",40,"No Lic",30,50.00
120693,7,3,"highway","front","dark","light","small",42,"dead","Yes",55,"Licensed",55,42.86
120700,4,1,"LOCAL","front","dark","light","small",23,"injured","NO",50,"Licensed",60,25.00
120704,6,1,"LOCAL","front","dark","light","small",20,"injured","NO",5,"Licensed",60,16.67
120710,6,1,"LOCAL","front","dark","light","small",41,"injured","NO",50,"Licensed",50,16.67
120715,7,1,"highway","front","light","light","small",87,"dead","NO",45,"Licensed",45,14.29
120720,6,2,"LOCAL","front","dark","light","small",44,"dead","Yes",55,"Licensed",55,33.33
120721,3,1,"LOCAL","front","dark","light","LORRY",53,"dead","NO",69,"Licensed",60,33.33
120732,2,1,"highway","front","light","light","small",31,"injured","NO",10,"Licensed",45,50.00
120738,4,2,"highway","front","light","light","small",28,"injured","NO",80,"Licensed",45,50.00
120744,4,2,"LOCAL","front","light","light","small",20,"injured","NO",65,"Licensed",65,50.00
120745,8,1,"LOCAL","front","light","light","LORRY",47,"injured","NO",35,"Licensed",45,12.50
120761,4,1,"LOCAL","front","light","light","small",74,"dead","NO",55,"Licensed",55,25.00
120778,3,1,"LOCAL","front","light","light","LORRY",44,"injured","NO",65,"Licensed",65,33.33
120779,3,1,"LOCAL","front","dark","light","small",24,"injured","NO",55,"Licensed",55,33.33
120784,2,1,"LOCAL","front","dark","light","small",53,"injured","Yes",55,"Licensed",45,50.00
120794,5,1,"highway","front","light","light","small",34,"injured","NO",50,"Licensed",45,20.00
120804,3,1,"LOCAL","front","light","light","LORRY",55,"dead","NO",35,"Licensed",60,33.33
120807,9,1,"LOCAL","front","dark","light","LORRY",28,"injured","NO",60,"Licensed",60,11.11
120810,6,1,"LOCAL","front","light","light","small",24,"injured","NO",25,"Licensed",70,16.67
120821,3,1,"LOCAL","side","dark","light","small",36,"dead","Yes",45,"Licensed",50,33.33
120823,2,1,"LOCAL","side","light","light","small",41,"dead","NO",60,"Licensed",60,50.00
120827,2,1,"LOCAL","front","dark","light","small",27,"injured","Yes",50,"Licensed",50,50.00
120837,2,1,"LOCAL","front","dark","light","small",35,"injured","NO",55,"Licensed",55,50.00
120842,3,1,"LOCAL","front","dark","light","small",43,"injured","Yes",15,"Licensed",70,33.33
120850,2,1,"LOCAL","front","light","light","small",79,"dead","NO",50,"Licensed",60,50.00
120853,2,1,"highway","front","light","light","small",29,"injured","NO",45,"Licensed",45,50.00
120854,3,1,"LOCAL","front","dark","light","small",26,"injured","Yes",69,"Licensed",45,33.33
120860,2,1,"highway","front","light","light","small",48,"dead","NO",50,"Licensed",55,50.00
120862,3,1,"LOCAL","front","light","light","small",77,"dead","NO",45,"Licensed",45,33.33
120864,2,1,"highway","front","dark","light","small",65,"dead","NO",30,"Licensed",30,50.00
120872,2,1,"LOCAL","front","dark","light","small",67,"dead","NO",85,"Licensed",70,50.00
120878,2,1,"LOCAL","front","dark","light","small",31,"dead","Yes",55,"Licensed",55,50.00
120885,5,1,"LOCAL","front","dark","light","small",37,"injured","Yes",45,"Licensed",50,20.00
120893,9,1,"LOCAL","front","dark","light","small",49,"injured","NO",25,"Licensed",45,11.11
120899,2,1,"highway","front","light","light","small",73,"dead","NO",25,"Licensed",45,50.00
120905,2,1,"LOCAL","front","light","light","small",45,"dead","Yes",55,"Licensed",50,50.00
120906,2,1,"LOCAL","front","light","light","small",50,"dead","NO",50,"Licensed",50,50.00
120922,2,1,"LOCAL","front","dark","light","small",50,"dead","NO",60,"Licensed",60,50.00
120928,2,1,"highway","front","dark","light","small",44,"injured","NO",1,"Licensed",30,50.00
120932,3,1,"highway","front","light","light","small",22,"injured","NO",5,"Licensed",45,33.33
120948,2,1,"LOCAL","front","light","light","LORRY",65,"dead","NO",35,"Licensed",45,50.00
120952,2,1,"highway","front","light","light","small",26,"dead","NO",60,"Licensed",45,50.00
120963,2,1,"LOCAL","front","light","light","small",62,"injured","Yes",20,"Licensed",55,50.00
120964,3,1,"LOCAL","front","light","light","small",34,"dead","NO",55,"Licensed",55,33.33
120968,2,2,"highway","front","light","light","small",27,"dead","Yes",70,"No Lic",45,100.00
120970,3,1,"LOCAL","front","dark","light","small",40,"dead","Yes",60,"Licensed",60,33.33